County,Daily Max 8-hour Ozone Concentration
Berkeley,0.04200741525423729
Cabell,0.04269135802469135
Gilmer,0.03485991379310345
Greenbrier,0.03995793901156677
Hancock,0.043656989247311824
Kanawha,0.03701921470342523
Monongalia,0.04249379932356257
Ohio,0.04103416149068323
Tucker,0.03846597222222222
Wood,0.04186178861788618
