County,Daily Mean PM10 Concentration
Brooke,16.784558823529412
Hancock,14.94322482967449
