County,Daily Mean PM2.5 Concentration
Berkeley,8.717882352941176
Brooke,7.803874415497662
Cabell,7.460799136069114
Hancock,7.287283950617284
Harrison,7.256294536817102
Kanawha,7.597977132805629
Marion,7.555609756097561
Marshall,10.349412577747064
Monongalia,7.498108747044917
Ohio,8.008108108108107
Tucker,4.009390862944162
Wood,7.91685393258427
