County,Daily Max 1-hour SO2 Concentration
Brooke,6.1112002138465655
Hancock,3.2596491228070175
Kanawha,1.0290625
Marshall,2.5873715124816448
Mason,5.670731707317073
Monongalia,1.9179447852760736
Wood,4.572408536585366
