,copd%_age,healthcare,income,smoking
count,220.0,220.0,220.0,220.0
mean,10.514090909090909,2554.3045454545454,43200.0,23.713636363636365
std,1.524272890784022,1632.6288751013994,7871.774906756951,2.9369004029339907
min,7.1,570.0,24500.0,18.0
25%,9.5,1670.0,38050.0,22.0
50%,10.4,2230.0,42200.0,23.0
75%,11.425,2882.5,46950.0,25.0
max,16.1,9007.0,75200.0,35.0
