,copd%_age,healthcare,income,smoking
count,220.0,220.0,220.0,220.0
mean,10.514090909090909,25544.045454545456,43200.0,23.713636363636365
std,1.524272890784022,16326.288751013994,7871.774906756951,2.9369004029339907
min,7.1,5701.0,24500.0,18.0
25%,9.5,16701.0,38050.0,22.0
50%,10.4,22301.0,42200.0,23.0
75%,11.425,28826.0,46950.0,25.0
max,16.1,90071.0,75200.0,35.0
