,copd%_age,healthcare,income,smoking
count,1540.0,1540.0,1540.0,1540.0
mean,10.514090909090909,26677.883116883117,45761.818181818184,24.11948051948052
std,1.5212986969439664,17570.685467835094,9071.325016929011,2.9859989054850447
min,7.1,5701.0,24500.0,16.0
25%,9.5,16501.0,40000.0,22.0
50%,10.4,22501.0,44700.0,24.0
75%,11.425,30501.0,50400.0,26.0
max,16.1,90071.0,87300.0,35.0
