,copd%_age,copd%_age,copd%_age,copd%_age,copd%_age,copd%_age,copd%_age,copd%_age,healthcare,healthcare,healthcare,healthcare,healthcare,healthcare,healthcare,healthcare,income,income,income,income,income,income,income,income,smoking,smoking,smoking,smoking,smoking,smoking,smoking,smoking
,count,mean,std,min,25%,50%,75%,max,count,mean,std,min,25%,50%,75%,max,count,mean,std,min,25%,50%,75%,max,count,mean,std,min,25%,50%,75%,max
Year,,,,,,,,,,,,,,,,,,,,,,,,,,,,,,,,
2018,55.0,11.47090909090909,1.4405082342923188,8.6,10.6,11.4,12.2,16.1,55.0,24225.909090909092,14631.215219108724,5801.0,15851.0,21501.0,29201.0,90071.0,55.0,41216.36363636364,7657.0413887011755,24500.0,36550.0,40500.0,44750.0,71300.0,55.0,22.454545454545453,2.044126018241336,18.0,21.0,22.0,24.0,28.0
2019,55.0,10.02909090909091,1.3460054382247644,7.1,9.2,10.0,10.649999999999999,14.7,55.0,24988.272727272728,15334.070689341557,5701.0,16651.0,22301.0,29201.0,88601.0,55.0,41752.72727272727,7459.789852701257,26500.0,37250.0,41300.0,44900.0,70200.0,55.0,22.454545454545453,2.044126018241336,18.0,21.0,22.0,24.0,28.0
2020,55.0,10.432727272727274,1.4704565359922828,7.3,9.6,10.4,11.2,15.2,55.0,25913.727272727272,16860.61655374413,6301.0,17351.0,23101.0,28051.0,87601.0,55.0,43192.72727272727,7647.678285923328,27300.0,38200.0,41900.0,47200.0,75000.0,55.0,22.89090909090909,2.0337224333784927,20.0,21.5,23.0,24.0,30.0
2021,55.0,10.123636363636365,1.4281513090762346,7.3,9.1,10.0,10.75,14.1,55.0,27048.272727272728,18519.837757723217,5901.0,17651.0,23201.0,28401.0,86301.0,55.0,46638.181818181816,7768.847831757077,29100.0,41850.0,46700.0,50650.0,75200.0,55.0,27.054545454545455,2.6834070508727152,21.0,25.5,27.0,28.0,35.0
