,copd%_age,copd%_age,copd%_age,copd%_age,copd%_age,copd%_age,copd%_age,copd%_age,healthcare,healthcare,healthcare,healthcare,healthcare,healthcare,healthcare,healthcare,income,income,income,income,income,income,income,income,smoking,smoking,smoking,smoking,smoking,smoking,smoking,smoking
,count,mean,std,min,25%,50%,75%,max,count,mean,std,min,25%,50%,75%,max,count,mean,std,min,25%,50%,75%,max,count,mean,std,min,25%,50%,75%,max
Year,,,,,,,,,,,,,,,,,,,,,,,,,,,,,,,,
2018,55.0,11.47090909090909,1.4405082342923188,8.6,10.6,11.4,12.2,16.1,55.0,2422.490909090909,1463.1215219108726,580.0,1585.0,2150.0,2920.0,9007.0,55.0,41216.36363636364,7657.0413887011755,24500.0,36550.0,40500.0,44750.0,71300.0,55.0,22.454545454545453,2.044126018241336,18.0,21.0,22.0,24.0,28.0
2019,55.0,10.02909090909091,1.3460054382247644,7.1,9.2,10.0,10.649999999999999,14.7,55.0,2498.7272727272725,1533.4070689341559,570.0,1665.0,2230.0,2920.0,8860.0,55.0,41752.72727272727,7459.789852701257,26500.0,37250.0,41300.0,44900.0,70200.0,55.0,22.454545454545453,2.044126018241336,18.0,21.0,22.0,24.0,28.0
2020,55.0,10.432727272727274,1.4704565359922828,7.3,9.6,10.4,11.2,15.2,55.0,2591.2727272727275,1686.0616553744128,630.0,1735.0,2310.0,2805.0,8760.0,55.0,43192.72727272727,7647.678285923328,27300.0,38200.0,41900.0,47200.0,75000.0,55.0,22.89090909090909,2.0337224333784927,20.0,21.5,23.0,24.0,30.0
2021,55.0,10.123636363636365,1.4281513090762346,7.3,9.1,10.0,10.75,14.1,55.0,2704.7272727272725,1851.983775772322,590.0,1765.0,2320.0,2840.0,8630.0,55.0,46638.181818181816,7768.847831757077,29100.0,41850.0,46700.0,50650.0,75200.0,55.0,27.054545454545455,2.6834070508727152,21.0,25.5,27.0,28.0,35.0
